{
	"requirements":{
		{"type":"month", 					"subtype":"",	 	"action":["more","equal","less"], 	"value":"number"},
		{"type":"near_water", 				"subtype":"",	 	"action":["equal","not_equal"], 	"value":"truefalse"},
		{"type":"has_pact", 				"subtype":"",	 	"action":["equal","not_equal"], 	"value":"country"},
		{"type":"has_sanctions", 			"subtype":"",	 	"action":["equal","not_equal"],	 	"value":"country"},
		{"type":"has_war", 					"subtype":"",	 	"action":["equal","not_equal"], 	"value":"country"},
		{"type":"num_of_provinces", 		"subtype":"",	 	"action":["more","equal","less"], 	"value":"number"},
		{"type":"year", 					"subtype":"",	 	"action":["more","equal","less"], 	"value":"number"},
		{"type":"turn", 					"subtype":"",	 	"action":["more","equal","less"], 	"value":"number"},
		{"type":"random_value", 			"subtype":"",	 	"action":["more","equal","less"], 	"value":"number"},
		{"type":"count_of_tasks", 			"subtype":"",	 	"action":["more","equal","less"], 	"value":"number"},
		{"type":"tax", 						"subtype":"",	 	"action":["more","less"], 			"value":"number"},
		{"type":"independent_land", 		"subtype":"",	 	"action":["equal","not_equal"], 	"value":"true"},
		{"type":"land_name", 				"subtype":"",	 	"action":["equal","not_equal"], 	"value":"text"},
		{"type":"building_exists", 			"subtype":"",	 	"action":["equal","not_equal"], 	"value":"building"},
		{"type":"no_enemy", 				"subtype":"",	 	"action":["equal"], 				"value":"true"},
		{"type":"land_id", 					"subtype":"",	 	"action":["equal","not_equal"], 	"value":"country"},
		{"type":"discontent", 				"subtype":"",	 	"action":["more","less"], 			"value":"number"},
		{"type":"political_institution", 	"subtype":"",	 	"action":["equal","not_equal"], 	"value":"political"},
		{"type":"enemy_near_capital", 		"subtype":"",	 	"action":["equal","not_equal"], 	"value":"true"},
		{"type":"money", 					"subtype":"",	 	"action":["more","less"], 			"value":"number"},
		{"type":"is_defeated", 				"subtype":"",	 	"action":["equal","not_equal"], 	"value":"country"},
		{"type":"lost_capital", 			"subtype":"",	 	"action":["equal","not_equal"], 	"value":"true"},
		{"type":"land_power", 				"subtype":"",	 	"action":["more","less"], 			"value":"number"},
		{"type":"controls_capital", 		"subtype":"", 		"action":["equal","not_equal"], 	"value":"country"},
		{"type":"cooldown", 				"subtype":"event", 	"action":["more","less"], 			"value":"number"}
	},

	"bonuses":{
		{"type":"resurrect_country", 				"subtype":"", 			"duration":[""], 			"value":"country"},
		{"type":"add_oil", 							"subtype":"", 			"duration":[""], 			"value":"number"},
		{"type":"add_cruiser", 						"subtype":"", 			"duration":[""], 			"value":"number"},
		{"type":"diplomacy_lift_sanctions", 		"subtype":"country", 	"duration":[""], 			"value":""},
		{"type":"diplomacy_sanctions", 				"subtype":"country", 	"duration":[""], 			"value":""},
		{"type":"diplomacy_pact", 					"subtype":"country", 	"duration":[""], 			"value":""},
		{"type":"defense", 							"subtype":"", 			"duration":["number"], 		"value":"number"},
		{"type":"add_random_culture_population",	"subtype":"", 			"duration":[""], 			"value":"number"},
		{"type":"diplomacy_alliance", 				"subtype":"country", 	"duration":[""], 			"value":""},
		{"type":"diplomacy_peace", 					"subtype":"country", 	"duration":[""], 			"value":""},
		{"type":"relation_ideology_change",			"subtype":"ideology", 	"duration":["number"], 		"value":"number"},
		{"type":"attack", 							"subtype":"", 			"duration":["number"], 		"value":"number"},
		{"type":"add_shock_infantry", 				"subtype":"", 			"duration":[""], 			"value":"number"},
		{"type":"discontent", 						"subtype":"", 			"duration":["number"], 		"value":"number"},
		{"type":"population_income", 				"subtype":"", 			"duration":["number"], 		"value":"number"},
		{"type":"annex_country", 					"subtype":"", 			"duration":[""], 			"value":"country"},
		{"type":"relation_change", 					"subtype":"country", 	"duration":["number"], 		"value":"number"},
		{"type":"add_tank", 						"subtype":"", 			"duration":[""], 			"value":"number"},
		{"type":"building_cost", 					"subtype":"", 			"duration":["number"], 		"value":"number"},
		{"type":"diplomacy_war", 					"subtype":"country", 	"duration":[""], 			"value":""},
		{"type":"army_losses", 						"subtype":"", 			"duration":[""], 			"value":"number"},
		{"type":"prestige", 						"subtype":"", 			"duration":[""], 			"value":"number"},
		{"type":"add_battleship", 					"subtype":"", 			"duration":[""], 			"value":"number"},
		{"type":"add_infantry", 					"subtype":"", 			"duration":[""], 			"value":"number"},
		{"type":"science", 							"subtype":"", 			"duration":[""], 			"value":"number"},
		{"type":"money", 							"subtype":"", 			"duration":[""], 			"value":"number"},
		{"type":"accelerated_recruit_cost", 		"subtype":"", 			"duration":["number"], 		"value":"number"},
		{"type":"maintaining_army_cost_multiplier", "subtype":"", 			"duration":["number"], 		"value":"number"},
		{"type":"population_increase", 				"subtype":"", 			"duration":["number"], 		"value":"number"},
		{"type":"recruit_cost", 					"subtype":"", 			"duration":["number"], 		"value":"number"},
		{"type":"change_country", 					"subtype":"", 			"duration":[""], 			"value":"country"},
		{"type":"add_culture_population", 			"subtype":"country", 	"duration":["number"], 		"value":"number"}
	}
}