"filename", "language", "HTML", "JavaScript", "Markdown", "PostCSS", "XML", "JSON", "Lua", "comment", "blank", "total"
"c:\Users\eenot\Documents\GitHub\EEditor-WS.github.io\.vs\EEditor-Warnament-Scenario\v17\DocumentLayout.json", "JSON", 0, 0, 0, 0, 0, 37, 0, 0, 0, 37
"c:\Users\eenot\Documents\GitHub\EEditor-WS.github.io\.vs\ProjectSettings.json", "JSON", 0, 0, 0, 0, 0, 3, 0, 0, 0, 3
"c:\Users\eenot\Documents\GitHub\EEditor-WS.github.io\.vs\VSWorkspaceState.json", "JSON", 0, 0, 0, 0, 0, 7, 0, 0, 0, 7
"c:\Users\eenot\Documents\GitHub\EEditor-WS.github.io\404.html", "HTML", 32, 0, 0, 0, 0, 0, 0, 0, 2, 34
"c:\Users\eenot\Documents\GitHub\EEditor-WS.github.io\README.md", "Markdown", 0, 0, 1, 0, 0, 0, 0, 0, 0, 1
"c:\Users\eenot\Documents\GitHub\EEditor-WS.github.io\auth\discord\callback\index.html", "HTML", 42, 0, 0, 0, 0, 0, 0, 0, 0, 42
"c:\Users\eenot\Documents\GitHub\EEditor-WS.github.io\blank.html", "HTML", 216, 0, 0, 0, 0, 0, 0, 0, 46, 262
"c:\Users\eenot\Documents\GitHub\EEditor-WS.github.io\css\!.css", "PostCSS", 0, 0, 0, 234, 0, 0, 0, 18, 40, 292
"c:\Users\eenot\Documents\GitHub\EEditor-WS.github.io\css\!.js", "JavaScript", 0, 64, 0, 0, 0, 0, 0, 14, 10, 88
"c:\Users\eenot\Documents\GitHub\EEditor-WS.github.io\css\backup.css", "PostCSS", 0, 0, 0, 61, 0, 0, 0, 0, 8, 69
"c:\Users\eenot\Documents\GitHub\EEditor-WS.github.io\css\base.css", "PostCSS", 0, 0, 0, 528, 0, 0, 0, 35, 97, 660
"c:\Users\eenot\Documents\GitHub\EEditor-WS.github.io\css\coop.css", "PostCSS", 0, 0, 0, 12, 0, 0, 0, 0, 2, 14
"c:\Users\eenot\Documents\GitHub\EEditor-WS.github.io\css\countries.css", "PostCSS", 0, 0, 0, 228, 0, 0, 0, 5, 40, 273
"c:\Users\eenot\Documents\GitHub\EEditor-WS.github.io\css\docs.css", "PostCSS", 0, 0, 0, 767, 0, 0, 0, 54, 145, 966
"c:\Users\eenot\Documents\GitHub\EEditor-WS.github.io\css\elib\dropdown.css", "PostCSS", 0, 0, 0, 108, 0, 0, 0, 5, 11, 124
"c:\Users\eenot\Documents\GitHub\EEditor-WS.github.io\css\elib\orange.css", "PostCSS", 0, 0, 0, 79, 0, 0, 0, 8, 8, 95
"c:\Users\eenot\Documents\GitHub\EEditor-WS.github.io\css\events.css", "PostCSS", 0, 0, 0, 816, 0, 0, 0, 13, 146, 975
"c:\Users\eenot\Documents\GitHub\EEditor-WS.github.io\css\head.css", "PostCSS", 0, 0, 0, 345, 0, 0, 0, 15, 57, 417
"c:\Users\eenot\Documents\GitHub\EEditor-WS.github.io\css\input.css", "PostCSS", 0, 0, 0, 8, 0, 0, 0, 0, 1, 9
"c:\Users\eenot\Documents\GitHub\EEditor-WS.github.io\css\library.css", "PostCSS", 0, 0, 0, 1419, 0, 0, 0, 30, 243, 1692
"c:\Users\eenot\Documents\GitHub\EEditor-WS.github.io\css\list.css", "PostCSS", 0, 0, 0, 410, 0, 0, 0, 10, 70, 490
"c:\Users\eenot\Documents\GitHub\EEditor-WS.github.io\css\map.css", "PostCSS", 0, 0, 0, 113, 0, 0, 0, 2, 22, 137
"c:\Users\eenot\Documents\GitHub\EEditor-WS.github.io\css\mobile\mobile-desktop.css", "PostCSS", 0, 0, 0, 14, 0, 0, 0, 0, 3, 17
"c:\Users\eenot\Documents\GitHub\EEditor-WS.github.io\css\mobile\mobile-main.css", "PostCSS", 0, 0, 0, 241, 0, 0, 0, 11, 53, 305
"c:\Users\eenot\Documents\GitHub\EEditor-WS.github.io\css\notification.css", "PostCSS", 0, 0, 0, 109, 0, 0, 0, 1, 17, 127
"c:\Users\eenot\Documents\GitHub\EEditor-WS.github.io\css\reforms.css", "PostCSS", 0, 0, 0, 110, 0, 0, 0, 3, 20, 133
"c:\Users\eenot\Documents\GitHub\EEditor-WS.github.io\css\settings.css", "PostCSS", 0, 0, 0, 124, 0, 0, 0, 3, 22, 149
"c:\Users\eenot\Documents\GitHub\EEditor-WS.github.io\css\style.css", "PostCSS", 0, 0, 0, 1627, 0, 0, 0, 45, 292, 1964
"c:\Users\eenot\Documents\GitHub\EEditor-WS.github.io\css\test\move.css", "PostCSS", 0, 0, 0, 84, 0, 0, 0, 0, 13, 97
"c:\Users\eenot\Documents\GitHub\EEditor-WS.github.io\docs\events.md", "Markdown", 0, 0, 137, 0, 0, 0, 0, 0, 35, 172
"c:\Users\eenot\Documents\GitHub\EEditor-WS.github.io\docs\events_en.md", "Markdown", 0, 0, 133, 0, 0, 0, 0, 0, 34, 167
"c:\Users\eenot\Documents\GitHub\EEditor-WS.github.io\docs\events_uk.md", "Markdown", 0, 0, 133, 0, 0, 0, 0, 0, 34, 167
"c:\Users\eenot\Documents\GitHub\EEditor-WS.github.io\events and bonuses.json", "JSON", 0, 0, 0, 0, 0, 63, 0, 0, 1, 64
"c:\Users\eenot\Documents\GitHub\EEditor-WS.github.io\img\banners\banners.lua", "Lua", 0, 0, 0, 0, 0, 0, 74, 0, 1, 75
"c:\Users\eenot\Documents\GitHub\EEditor-WS.github.io\img\ico\ico old.svg", "XML", 0, 0, 0, 0, 1, 0, 0, 0, 0, 1
"c:\Users\eenot\Documents\GitHub\EEditor-WS.github.io\img\ico\ico.svg", "XML", 0, 0, 0, 0, 1, 0, 0, 0, 0, 1
"c:\Users\eenot\Documents\GitHub\EEditor-WS.github.io\img\ico\ico2.svg", "XML", 0, 0, 0, 0, 23, 0, 0, 0, 0, 23
"c:\Users\eenot\Documents\GitHub\EEditor-WS.github.io\img\lang\be.svg", "XML", 0, 0, 0, 0, 129, 0, 0, 0, 1, 130
"c:\Users\eenot\Documents\GitHub\EEditor-WS.github.io\img\lang\en.svg", "XML", 0, 0, 0, 0, 61, 0, 0, 0, 0, 61
"c:\Users\eenot\Documents\GitHub\EEditor-WS.github.io\img\lang\kk.svg", "XML", 0, 0, 0, 0, 26, 0, 0, 1, 1, 28
"c:\Users\eenot\Documents\GitHub\EEditor-WS.github.io\img\lang\mo.svg", "XML", 0, 0, 0, 0, 52, 0, 0, 0, 1, 53
"c:\Users\eenot\Documents\GitHub\EEditor-WS.github.io\img\lang\ru.svg", "XML", 0, 0, 0, 0, 49, 0, 0, 0, 1, 50
"c:\Users\eenot\Documents\GitHub\EEditor-WS.github.io\img\lang\uk.svg", "XML", 0, 0, 0, 0, 58, 0, 0, 0, 1, 59
"c:\Users\eenot\Documents\GitHub\EEditor-WS.github.io\img\library\autor.svg", "XML", 0, 0, 0, 0, 1, 0, 0, 0, 0, 1
"c:\Users\eenot\Documents\GitHub\EEditor-WS.github.io\img\library\calendar.svg", "XML", 0, 0, 0, 0, 1, 0, 0, 0, 0, 1
"c:\Users\eenot\Documents\GitHub\EEditor-WS.github.io\img\library\download.svg", "XML", 0, 0, 0, 0, 1, 0, 0, 0, 0, 1
"c:\Users\eenot\Documents\GitHub\EEditor-WS.github.io\img\library\flag.svg", "XML", 0, 0, 0, 0, 1, 0, 0, 0, 0, 1
"c:\Users\eenot\Documents\GitHub\EEditor-WS.github.io\img\library\gamemode.svg", "XML", 0, 0, 0, 0, 1, 0, 0, 0, 0, 1
"c:\Users\eenot\Documents\GitHub\EEditor-WS.github.io\img\library\icon.svg", "XML", 0, 0, 0, 0, 1, 0, 0, 0, 0, 1
"c:\Users\eenot\Documents\GitHub\EEditor-WS.github.io\img\library\world.svg", "XML", 0, 0, 0, 0, 1, 0, 0, 0, 0, 1
"c:\Users\eenot\Documents\GitHub\EEditor-WS.github.io\img\library\world\zachary\africa.svg", "XML", 0, 0, 0, 0, 787, 0, 0, 0, 19, 806
"c:\Users\eenot\Documents\GitHub\EEditor-WS.github.io\img\library\world\zachary\africaLow.svg", "XML", 0, 0, 0, 0, 67, 0, 0, 3, 3, 73
"c:\Users\eenot\Documents\GitHub\EEditor-WS.github.io\img\library\world\zachary\asiaLow.svg", "XML", 0, 0, 0, 0, 60, 0, 0, 3, 3, 66
"c:\Users\eenot\Documents\GitHub\EEditor-WS.github.io\img\library\world\zachary\europeLow.svg", "XML", 0, 0, 0, 0, 76, 0, 0, 3, 5, 84
"c:\Users\eenot\Documents\GitHub\EEditor-WS.github.io\img\library\world\zachary\latinAmericaLow.svg", "XML", 0, 0, 0, 0, 47, 0, 0, 3, 3, 53
"c:\Users\eenot\Documents\GitHub\EEditor-WS.github.io\img\library\world\zachary\middleEastLow.svg", "XML", 0, 0, 0, 0, 31, 0, 0, 3, 3, 37
"c:\Users\eenot\Documents\GitHub\EEditor-WS.github.io\img\library\world\zachary\northAmericaLow.svg", "XML", 0, 0, 0, 0, 35, 0, 0, 3, 3, 41
"c:\Users\eenot\Documents\GitHub\EEditor-WS.github.io\img\library\world\zachary\oceaniaLow.svg", "XML", 0, 0, 0, 0, 59, 0, 0, 3, 3, 65
"c:\Users\eenot\Documents\GitHub\EEditor-WS.github.io\img\library\world\zachary\southAmericaLow.svg", "XML", 0, 0, 0, 0, 32, 0, 0, 3, 3, 38
"c:\Users\eenot\Documents\GitHub\EEditor-WS.github.io\img\library\world\zachary\worldLow.svg", "XML", 0, 0, 0, 0, 194, 0, 0, 3, 3, 200
"c:\Users\eenot\Documents\GitHub\EEditor-WS.github.io\img\ui\add.svg", "XML", 0, 0, 0, 0, 3, 0, 0, 0, 0, 3
"c:\Users\eenot\Documents\GitHub\EEditor-WS.github.io\img\ui\arrow\down.svg", "XML", 0, 0, 0, 0, 3, 0, 0, 0, 1, 4
"c:\Users\eenot\Documents\GitHub\EEditor-WS.github.io\img\ui\arrow\left.svg", "XML", 0, 0, 0, 0, 3, 0, 0, 0, 1, 4
"c:\Users\eenot\Documents\GitHub\EEditor-WS.github.io\img\ui\arrow\right.svg", "XML", 0, 0, 0, 0, 3, 0, 0, 0, 1, 4
"c:\Users\eenot\Documents\GitHub\EEditor-WS.github.io\img\ui\arrow\up.svg", "XML", 0, 0, 0, 0, 3, 0, 0, 0, 1, 4
"c:\Users\eenot\Documents\GitHub\EEditor-WS.github.io\img\ui\back.svg", "XML", 0, 0, 0, 0, 3, 0, 0, 0, 0, 3
"c:\Users\eenot\Documents\GitHub\EEditor-WS.github.io\img\ui\backspace.svg", "XML", 0, 0, 0, 0, 3, 0, 0, 0, 1, 4
"c:\Users\eenot\Documents\GitHub\EEditor-WS.github.io\img\ui\block.svg", "XML", 0, 0, 0, 0, 3, 0, 0, 0, 1, 4
"c:\Users\eenot\Documents\GitHub\EEditor-WS.github.io\img\ui\calendar.svg", "XML", 0, 0, 0, 0, 5, 0, 0, 0, 1, 6
"c:\Users\eenot\Documents\GitHub\EEditor-WS.github.io\img\ui\check\blank.svg", "XML", 0, 0, 0, 0, 3, 0, 0, 0, 0, 3
"c:\Users\eenot\Documents\GitHub\EEditor-WS.github.io\img\ui\check\bookmark.svg", "XML", 0, 0, 0, 0, 3, 0, 0, 0, 1, 4
"c:\Users\eenot\Documents\GitHub\EEditor-WS.github.io\img\ui\check\bookmarked.svg", "XML", 0, 0, 0, 0, 3, 0, 0, 0, 1, 4
"c:\Users\eenot\Documents\GitHub\EEditor-WS.github.io\img\ui\check\checked.svg", "XML", 0, 0, 0, 0, 3, 0, 0, 0, 0, 3
"c:\Users\eenot\Documents\GitHub\EEditor-WS.github.io\img\ui\check\heart.svg", "XML", 0, 0, 0, 0, 3, 0, 0, 0, 1, 4
"c:\Users\eenot\Documents\GitHub\EEditor-WS.github.io\img\ui\check\hearted.svg", "XML", 0, 0, 0, 0, 3, 0, 0, 0, 1, 4
"c:\Users\eenot\Documents\GitHub\EEditor-WS.github.io\img\ui\check\pin.svg", "XML", 0, 0, 0, 0, 3, 0, 0, 0, 1, 4
"c:\Users\eenot\Documents\GitHub\EEditor-WS.github.io\img\ui\check\pined.svg", "XML", 0, 0, 0, 0, 3, 0, 0, 0, 1, 4
"c:\Users\eenot\Documents\GitHub\EEditor-WS.github.io\img\ui\check\star.svg", "XML", 0, 0, 0, 0, 3, 0, 0, 0, 1, 4
"c:\Users\eenot\Documents\GitHub\EEditor-WS.github.io\img\ui\check\stared.svg", "XML", 0, 0, 0, 0, 3, 0, 0, 0, 1, 4
"c:\Users\eenot\Documents\GitHub\EEditor-WS.github.io\img\ui\check\unbookmark.svg", "XML", 0, 0, 0, 0, 3, 0, 0, 0, 1, 4
"c:\Users\eenot\Documents\GitHub\EEditor-WS.github.io\img\ui\check\unpin.svg", "XML", 0, 0, 0, 0, 3, 0, 0, 0, 1, 4
"c:\Users\eenot\Documents\GitHub\EEditor-WS.github.io\img\ui\code.svg", "XML", 0, 0, 0, 0, 3, 0, 0, 0, 1, 4
"c:\Users\eenot\Documents\GitHub\EEditor-WS.github.io\img\ui\color.svg", "XML", 0, 0, 0, 0, 3, 0, 0, 0, 0, 3
"c:\Users\eenot\Documents\GitHub\EEditor-WS.github.io\img\ui\colors.svg", "XML", 0, 0, 0, 0, 3, 0, 0, 0, 1, 4
"c:\Users\eenot\Documents\GitHub\EEditor-WS.github.io\img\ui\cross.svg", "XML", 0, 0, 0, 0, 3, 0, 0, 0, 0, 3
"c:\Users\eenot\Documents\GitHub\EEditor-WS.github.io\img\ui\edit.svg", "XML", 0, 0, 0, 0, 3, 0, 0, 0, 1, 4
"c:\Users\eenot\Documents\GitHub\EEditor-WS.github.io\img\ui\edit2.svg", "XML", 0, 0, 0, 0, 3, 0, 0, 0, 1, 4
"c:\Users\eenot\Documents\GitHub\EEditor-WS.github.io\img\ui\exchange.svg", "XML", 0, 0, 0, 0, 3, 0, 0, 0, 1, 4
"c:\Users\eenot\Documents\GitHub\EEditor-WS.github.io\img\ui\extension.svg", "XML", 0, 0, 0, 0, 3, 0, 0, 0, 1, 4
"c:\Users\eenot\Documents\GitHub\EEditor-WS.github.io\img\ui\extension_download.svg", "XML", 0, 0, 0, 0, 4, 0, 0, 0, 1, 5
"c:\Users\eenot\Documents\GitHub\EEditor-WS.github.io\img\ui\file\attach.svg", "XML", 0, 0, 0, 0, 3, 0, 0, 0, 1, 4
"c:\Users\eenot\Documents\GitHub\EEditor-WS.github.io\img\ui\file\cloud.svg", "XML", 0, 0, 0, 0, 3, 0, 0, 0, 0, 3
"c:\Users\eenot\Documents\GitHub\EEditor-WS.github.io\img\ui\file\copy.svg", "XML", 0, 0, 0, 0, 3, 0, 0, 0, 1, 4
"c:\Users\eenot\Documents\GitHub\EEditor-WS.github.io\img\ui\file\copy2.svg", "XML", 0, 0, 0, 0, 3, 0, 0, 0, 1, 4
"c:\Users\eenot\Documents\GitHub\EEditor-WS.github.io\img\ui\file\cut.svg", "XML", 0, 0, 0, 0, 3, 0, 0, 0, 1, 4
"c:\Users\eenot\Documents\GitHub\EEditor-WS.github.io\img\ui\file\download.svg", "XML", 0, 0, 0, 0, 3, 0, 0, 0, 1, 4
"c:\Users\eenot\Documents\GitHub\EEditor-WS.github.io\img\ui\file\file.svg", "XML", 0, 0, 0, 0, 3, 0, 0, 0, 0, 3
"c:\Users\eenot\Documents\GitHub\EEditor-WS.github.io\img\ui\file\folder.svg", "XML", 0, 0, 0, 0, 3, 0, 0, 0, 1, 4
"c:\Users\eenot\Documents\GitHub\EEditor-WS.github.io\img\ui\file\folder_create.svg", "XML", 0, 0, 0, 0, 3, 0, 0, 0, 1, 4
"c:\Users\eenot\Documents\GitHub\EEditor-WS.github.io\img\ui\file\js.svg", "XML", 0, 0, 0, 0, 15, 0, 0, 2, 2, 19
"c:\Users\eenot\Documents\GitHub\EEditor-WS.github.io\img\ui\file\move.svg", "XML", 0, 0, 0, 0, 3, 0, 0, 0, 1, 4
"c:\Users\eenot\Documents\GitHub\EEditor-WS.github.io\img\ui\file\offline.svg", "XML", 0, 0, 0, 0, 3, 0, 0, 0, 1, 4
"c:\Users\eenot\Documents\GitHub\EEditor-WS.github.io\img\ui\file\open.svg", "XML", 0, 0, 0, 0, 3, 0, 0, 0, 1, 4
"c:\Users\eenot\Documents\GitHub\EEditor-WS.github.io\img\ui\file\paste.svg", "XML", 0, 0, 0, 0, 3, 0, 0, 0, 0, 3
"c:\Users\eenot\Documents\GitHub\EEditor-WS.github.io\img\ui\file\share.svg", "XML", 0, 0, 0, 0, 3, 0, 0, 0, 1, 4
"c:\Users\eenot\Documents\GitHub\EEditor-WS.github.io\img\ui\file\source.svg", "XML", 0, 0, 0, 0, 3, 0, 0, 0, 1, 4
"c:\Users\eenot\Documents\GitHub\EEditor-WS.github.io\img\ui\file\trash.svg", "XML", 0, 0, 0, 0, 3, 0, 0, 0, 1, 4
"c:\Users\eenot\Documents\GitHub\EEditor-WS.github.io\img\ui\file\upload.svg", "XML", 0, 0, 0, 0, 3, 0, 0, 0, 1, 4
"c:\Users\eenot\Documents\GitHub\EEditor-WS.github.io\img\ui\flag.svg", "XML", 0, 0, 0, 0, 3, 0, 0, 0, 1, 4
"c:\Users\eenot\Documents\GitHub\EEditor-WS.github.io\img\ui\galochka.svg", "XML", 0, 0, 0, 0, 3, 0, 0, 0, 1, 4
"c:\Users\eenot\Documents\GitHub\EEditor-WS.github.io\img\ui\go_down.svg", "XML", 0, 0, 0, 0, 4, 0, 0, 0, 1, 5
"c:\Users\eenot\Documents\GitHub\EEditor-WS.github.io\img\ui\go_up.svg", "XML", 0, 0, 0, 0, 4, 0, 0, 0, 1, 5
"c:\Users\eenot\Documents\GitHub\EEditor-WS.github.io\img\ui\home.svg", "XML", 0, 0, 0, 0, 3, 0, 0, 0, 1, 4
"c:\Users\eenot\Documents\GitHub\EEditor-WS.github.io\img\ui\image.svg", "XML", 0, 0, 0, 0, 5, 0, 0, 0, 1, 6
"c:\Users\eenot\Documents\GitHub\EEditor-WS.github.io\img\ui\keyboard.svg", "XML", 0, 0, 0, 0, 3, 0, 0, 0, 1, 4
"c:\Users\eenot\Documents\GitHub\EEditor-WS.github.io\img\ui\lines.svg", "XML", 0, 0, 0, 0, 3, 0, 0, 0, 1, 4
"c:\Users\eenot\Documents\GitHub\EEditor-WS.github.io\img\ui\link.svg", "XML", 0, 0, 0, 0, 3, 0, 0, 0, 1, 4
"c:\Users\eenot\Documents\GitHub\EEditor-WS.github.io\img\ui\list\add.svg", "XML", 0, 0, 0, 0, 3, 0, 0, 0, 1, 4
"c:\Users\eenot\Documents\GitHub\EEditor-WS.github.io\img\ui\list\filter.svg", "XML", 0, 0, 0, 0, 3, 0, 0, 0, 1, 4
"c:\Users\eenot\Documents\GitHub\EEditor-WS.github.io\img\ui\list\find.svg", "XML", 0, 0, 0, 0, 7, 0, 0, 0, 1, 8
"c:\Users\eenot\Documents\GitHub\EEditor-WS.github.io\img\ui\list\list.svg", "XML", 0, 0, 0, 0, 3, 0, 0, 0, 1, 4
"c:\Users\eenot\Documents\GitHub\EEditor-WS.github.io\img\ui\list\sort.svg", "XML", 0, 0, 0, 0, 7, 0, 0, 0, 1, 8
"c:\Users\eenot\Documents\GitHub\EEditor-WS.github.io\img\ui\lock.svg", "XML", 0, 0, 0, 0, 3, 0, 0, 0, 1, 4
"c:\Users\eenot\Documents\GitHub\EEditor-WS.github.io\img\ui\more.svg", "XML", 0, 0, 0, 0, 3, 0, 0, 0, 1, 4
"c:\Users\eenot\Documents\GitHub\EEditor-WS.github.io\img\ui\notebook.svg", "XML", 0, 0, 0, 0, 3, 0, 0, 0, 1, 4
"c:\Users\eenot\Documents\GitHub\EEditor-WS.github.io\img\ui\object.svg", "XML", 0, 0, 0, 0, 3, 0, 0, 0, 1, 4
"c:\Users\eenot\Documents\GitHub\EEditor-WS.github.io\img\ui\pen.svg", "XML", 0, 0, 0, 0, 3, 0, 0, 0, 0, 3
"c:\Users\eenot\Documents\GitHub\EEditor-WS.github.io\img\ui\save.svg", "XML", 0, 0, 0, 0, 3, 0, 0, 0, 1, 4
"c:\Users\eenot\Documents\GitHub\EEditor-WS.github.io\img\ui\search.svg", "XML", 0, 0, 0, 0, 3, 0, 0, 0, 1, 4
"c:\Users\eenot\Documents\GitHub\EEditor-WS.github.io\img\ui\settings.svg", "XML", 0, 0, 0, 0, 3, 0, 0, 0, 1, 4
"c:\Users\eenot\Documents\GitHub\EEditor-WS.github.io\img\ui\shield.svg", "XML", 0, 0, 0, 0, 3, 0, 0, 0, 1, 4
"c:\Users\eenot\Documents\GitHub\EEditor-WS.github.io\img\ui\social\discord.svg", "XML", 0, 0, 0, 0, 3, 0, 0, 0, 0, 3
"c:\Users\eenot\Documents\GitHub\EEditor-WS.github.io\img\ui\social\github.svg", "XML", 0, 0, 0, 0, 3, 0, 0, 0, 1, 4
"c:\Users\eenot\Documents\GitHub\EEditor-WS.github.io\img\ui\social\peoples.svg", "XML", 0, 0, 0, 0, 3, 0, 0, 0, 1, 4
"c:\Users\eenot\Documents\GitHub\EEditor-WS.github.io\img\ui\social\telegram.svg", "XML", 0, 0, 0, 0, 3, 0, 0, 0, 1, 4
"c:\Users\eenot\Documents\GitHub\EEditor-WS.github.io\img\ui\social\youtube.svg", "XML", 0, 0, 0, 0, 3, 0, 0, 0, 1, 4
"c:\Users\eenot\Documents\GitHub\EEditor-WS.github.io\img\ui\sound.svg", "XML", 0, 0, 0, 0, 3, 0, 0, 0, 1, 4
"c:\Users\eenot\Documents\GitHub\EEditor-WS.github.io\img\ui\spliter.svg", "XML", 0, 0, 0, 0, 4, 0, 0, 0, 1, 5
"c:\Users\eenot\Documents\GitHub\EEditor-WS.github.io\img\ui\sync.svg", "XML", 0, 0, 0, 0, 3, 0, 0, 0, 1, 4
"c:\Users\eenot\Documents\GitHub\EEditor-WS.github.io\img\ui\text.svg", "XML", 0, 0, 0, 0, 3, 0, 0, 0, 1, 4
"c:\Users\eenot\Documents\GitHub\EEditor-WS.github.io\img\ui\text_big.svg", "XML", 0, 0, 0, 0, 3, 0, 0, 0, 1, 4
"c:\Users\eenot\Documents\GitHub\EEditor-WS.github.io\img\ui\time.svg", "XML", 0, 0, 0, 0, 3, 0, 0, 0, 1, 4
"c:\Users\eenot\Documents\GitHub\EEditor-WS.github.io\img\ui\translate.svg", "XML", 0, 0, 0, 0, 8, 0, 0, 0, 1, 9
"c:\Users\eenot\Documents\GitHub\EEditor-WS.github.io\img\ui\unlock.svg", "XML", 0, 0, 0, 0, 3, 0, 0, 0, 1, 4
"c:\Users\eenot\Documents\GitHub\EEditor-WS.github.io\img\ui\user.svg", "XML", 0, 0, 0, 0, 3, 0, 0, 0, 1, 4
"c:\Users\eenot\Documents\GitHub\EEditor-WS.github.io\img\ui\what.svg", "XML", 0, 0, 0, 0, 3, 0, 0, 0, 1, 4
"c:\Users\eenot\Documents\GitHub\EEditor-WS.github.io\img\ui\world.svg", "XML", 0, 0, 0, 0, 3, 0, 0, 0, 1, 4
"c:\Users\eenot\Documents\GitHub\EEditor-WS.github.io\img\ui\zoom.svg", "XML", 0, 0, 0, 0, 3, 0, 0, 0, 1, 4
"c:\Users\eenot\Documents\GitHub\EEditor-WS.github.io\index.html", "HTML", 1855, 0, 0, 0, 0, 0, 0, 154, 59, 2068
"c:\Users\eenot\Documents\GitHub\EEditor-WS.github.io\js\auth-callback.js", "JavaScript", 0, 134, 0, 0, 0, 0, 0, 14, 27, 175
"c:\Users\eenot\Documents\GitHub\EEditor-WS.github.io\js\auth.js", "JavaScript", 0, 435, 0, 0, 0, 0, 0, 32, 66, 533
"c:\Users\eenot\Documents\GitHub\EEditor-WS.github.io\js\backup.js", "JavaScript", 0, 236, 0, 0, 0, 0, 0, 62, 43, 341
"c:\Users\eenot\Documents\GitHub\EEditor-WS.github.io\js\base.js", "JavaScript", 0, 9, 0, 0, 0, 0, 0, 1, 1, 11
"c:\Users\eenot\Documents\GitHub\EEditor-WS.github.io\js\coop\coop-connect-recive.js", "JavaScript", 0, 206, 0, 0, 0, 0, 0, 39, 33, 278
"c:\Users\eenot\Documents\GitHub\EEditor-WS.github.io\js\coop\coop-connect-send.js", "JavaScript", 0, 172, 0, 0, 0, 0, 0, 46, 34, 252
"c:\Users\eenot\Documents\GitHub\EEditor-WS.github.io\js\coop\coop.js", "JavaScript", 0, 47, 0, 0, 0, 0, 0, 4, 10, 61
"c:\Users\eenot\Documents\GitHub\EEditor-WS.github.io\js\countries-draggable.js", "JavaScript", 0, 110, 0, 0, 0, 0, 0, 5, 23, 138
"c:\Users\eenot\Documents\GitHub\EEditor-WS.github.io\js\countries.js", "JavaScript", 0, 1753, 0, 0, 0, 0, 0, 444, 345, 2542
"c:\Users\eenot\Documents\GitHub\EEditor-WS.github.io\js\docs.js", "JavaScript", 0, 237, 0, 0, 0, 0, 0, 38, 44, 319
"c:\Users\eenot\Documents\GitHub\EEditor-WS.github.io\js\dropdown.js", "JavaScript", 0, 246, 0, 0, 0, 0, 0, 13, 34, 293
"c:\Users\eenot\Documents\GitHub\EEditor-WS.github.io\js\events-draggable.js", "JavaScript", 0, 110, 0, 0, 0, 0, 0, 5, 23, 138
"c:\Users\eenot\Documents\GitHub\EEditor-WS.github.io\js\events\events-draggable.js", "JavaScript", 0, 101, 0, 0, 0, 0, 0, 18, 21, 140
"c:\Users\eenot\Documents\GitHub\EEditor-WS.github.io\js\events\events-main.js", "JavaScript", 0, 2018, 0, 0, 0, 0, 0, 236, 303, 2557
"c:\Users\eenot\Documents\GitHub\EEditor-WS.github.io\js\fetch.js", "JavaScript", 0, 6, 0, 0, 0, 0, 0, 4, 0, 10
"c:\Users\eenot\Documents\GitHub\EEditor-WS.github.io\js\files\files-mobile.js", "JavaScript", 0, 30, 0, 0, 0, 0, 0, 3, 2, 35
"c:\Users\eenot\Documents\GitHub\EEditor-WS.github.io\js\head.js", "JavaScript", 0, 54, 0, 0, 0, 0, 0, 15, 7, 76
"c:\Users\eenot\Documents\GitHub\EEditor-WS.github.io\js\hello.js", "JavaScript", 0, 461, 0, 0, 0, 0, 0, 1, 33, 495
"c:\Users\eenot\Documents\GitHub\EEditor-WS.github.io\js\language.js", "JavaScript", 0, 3078, 0, 0, 0, 0, 0, 222, 289, 3589
"c:\Users\eenot\Documents\GitHub\EEditor-WS.github.io\js\library.js", "JavaScript", 0, 0, 0, 0, 0, 0, 0, 0, 1, 1
"c:\Users\eenot\Documents\GitHub\EEditor-WS.github.io\js\map\map-edit.js", "JavaScript", 0, 662, 0, 0, 0, 0, 0, 107, 132, 901
"c:\Users\eenot\Documents\GitHub\EEditor-WS.github.io\js\migrations.js", "JavaScript", 0, 47, 0, 0, 0, 0, 0, 5, 7, 59
"c:\Users\eenot\Documents\GitHub\EEditor-WS.github.io\js\move.js", "JavaScript", 0, 330, 0, 0, 0, 0, 0, 38, 71, 439
"c:\Users\eenot\Documents\GitHub\EEditor-WS.github.io\js\notification.js", "JavaScript", 0, 174, 0, 0, 0, 0, 0, 52, 33, 259
"c:\Users\eenot\Documents\GitHub\EEditor-WS.github.io\js\reforms.js", "JavaScript", 0, 421, 0, 0, 0, 0, 0, 0, 0, 421
"c:\Users\eenot\Documents\GitHub\EEditor-WS.github.io\js\reqbon.js", "JavaScript", 0, 273, 0, 0, 0, 0, 0, 19, 23, 315
"c:\Users\eenot\Documents\GitHub\EEditor-WS.github.io\js\settings.js", "JavaScript", 0, 194, 0, 0, 0, 0, 0, 31, 13, 238
"c:\Users\eenot\Documents\GitHub\EEditor-WS.github.io\js\test\ads.js", "JavaScript", 0, 10, 0, 0, 0, 0, 0, 2, 2, 14
"c:\Users\eenot\Documents\GitHub\EEditor-WS.github.io\js\test\copyEcoPopRes.js", "JavaScript", 0, 0, 0, 0, 0, 0, 0, 0, 1, 1
"c:\Users\eenot\Documents\GitHub\EEditor-WS.github.io\js\test\move.js", "JavaScript", 0, 330, 0, 0, 0, 0, 0, 38, 71, 439
"c:\Users\eenot\Documents\GitHub\EEditor-WS.github.io\js\test\move2.js", "JavaScript", 0, 277, 0, 0, 0, 0, 0, 33, 46, 356
"c:\Users\eenot\Documents\GitHub\EEditor-WS.github.io\js\test\translate.js", "JavaScript", 0, 0, 0, 0, 0, 0, 0, 0, 1, 1
"c:\Users\eenot\Documents\GitHub\EEditor-WS.github.io\js\test\translate2.js", "JavaScript", 0, 102, 0, 0, 0, 0, 0, 27, 25, 154
"c:\Users\eenot\Documents\GitHub\EEditor-WS.github.io\js\translate\table.js", "JavaScript", 0, 359, 0, 0, 0, 0, 0, 0, 0, 359
"c:\Users\eenot\Documents\GitHub\EEditor-WS.github.io\js\translate\translate.js", "JavaScript", 0, 263, 0, 0, 0, 0, 0, 8, 31, 302
"c:\Users\eenot\Documents\GitHub\EEditor-WS.github.io\js\translator.js", "JavaScript", 0, 395, 0, 0, 0, 0, 0, 35, 62, 492
"c:\Users\eenot\Documents\GitHub\EEditor-WS.github.io\js\utils.js", "JavaScript", 0, 174, 0, 0, 0, 0, 0, 18, 28, 220
"c:\Users\eenot\Documents\GitHub\EEditor-WS.github.io\lands.json", "JSON", 0, 0, 0, 0, 0, 6356, 0, 0, 0, 6356
"c:\Users\eenot\Documents\GitHub\EEditor-WS.github.io\lands_data.js", "JavaScript", 0, 706, 0, 0, 0, 0, 0, 0, 0, 706
"c:\Users\eenot\Documents\GitHub\EEditor-WS.github.io\metro.json", "JSON", 0, 0, 0, 0, 0, 1, 0, 0, 0, 1
"c:\Users\eenot\Documents\GitHub\EEditor-WS.github.io\page\app\app.css", "PostCSS", 0, 0, 0, 139, 0, 0, 0, 0, 22, 161
"c:\Users\eenot\Documents\GitHub\EEditor-WS.github.io\page\app\app.html", "HTML", 243, 0, 0, 0, 0, 0, 0, 6, 7, 256
"c:\Users\eenot\Documents\GitHub\EEditor-WS.github.io\page\app\app.js", "JavaScript", 0, 44, 0, 0, 0, 0, 0, 13, 11, 68
"c:\Users\eenot\Documents\GitHub\EEditor-WS.github.io\page\docs.html", "HTML", 1003, 0, 0, 0, 0, 0, 0, 10, 93, 1106
"c:\Users\eenot\Documents\GitHub\EEditor-WS.github.io\page\docs\docs.js", "JavaScript", 0, 0, 0, 0, 0, 0, 0, 0, 1, 1
"c:\Users\eenot\Documents\GitHub\EEditor-WS.github.io\page\download.html", "HTML", 0, 0, 0, 0, 0, 0, 0, 0, 1, 1
"c:\Users\eenot\Documents\GitHub\EEditor-WS.github.io\page\download\download.css", "PostCSS", 0, 0, 0, 0, 0, 0, 0, 0, 1, 1
"c:\Users\eenot\Documents\GitHub\EEditor-WS.github.io\page\download\download.js", "JavaScript", 0, 0, 0, 0, 0, 0, 0, 0, 1, 1
"c:\Users\eenot\Documents\GitHub\EEditor-WS.github.io\page\hello.css", "PostCSS", 0, 0, 0, 67, 0, 0, 0, 0, 14, 81
"c:\Users\eenot\Documents\GitHub\EEditor-WS.github.io\page\hello.html", "HTML", 204, 0, 0, 0, 0, 0, 0, 13, 5, 222
"c:\Users\eenot\Documents\GitHub\EEditor-WS.github.io\page\hello.js", "JavaScript", 0, 12, 0, 0, 0, 0, 0, 1, 1, 14
"c:\Users\eenot\Documents\GitHub\EEditor-WS.github.io\page\invite.html", "HTML", 17, 0, 0, 0, 0, 0, 0, 0, 1, 18
"c:\Users\eenot\Documents\GitHub\EEditor-WS.github.io\page\library.html", "HTML", 274, 0, 0, 0, 0, 0, 0, 6, 3, 283
"c:\Users\eenot\Documents\GitHub\EEditor-WS.github.io\page\library\authorlist.js", "JavaScript", 0, 192, 0, 0, 0, 0, 0, 0, 0, 192
"c:\Users\eenot\Documents\GitHub\EEditor-WS.github.io\page\library\detalis.html", "HTML", 219, 0, 0, 0, 0, 0, 0, 48, 2, 269
"c:\Users\eenot\Documents\GitHub\EEditor-WS.github.io\page\library\detalis.js", "JavaScript", 0, 78, 0, 0, 0, 0, 0, 27, 15, 120
"c:\Users\eenot\Documents\GitHub\EEditor-WS.github.io\page\library\discordtext.js", "JavaScript", 0, 135, 0, 0, 0, 0, 0, 62, 32, 229
"c:\Users\eenot\Documents\GitHub\EEditor-WS.github.io\page\library\download.css", "PostCSS", 0, 0, 0, 450, 0, 0, 0, 20, 84, 554
"c:\Users\eenot\Documents\GitHub\EEditor-WS.github.io\page\library\download.html", "HTML", 614, 0, 0, 0, 0, 0, 0, 168, 18, 800
"c:\Users\eenot\Documents\GitHub\EEditor-WS.github.io\page\library\download.js", "JavaScript", 0, 226, 0, 0, 0, 0, 0, 49, 58, 333
"c:\Users\eenot\Documents\GitHub\EEditor-WS.github.io\page\library\downloadlist.js", "JavaScript", 0, 362, 0, 0, 0, 0, 0, 31, 49, 442
"c:\Users\eenot\Documents\GitHub\EEditor-WS.github.io\page\library\maplist.js", "JavaScript", 0, 1341, 0, 0, 0, 0, 0, 10, 18, 1369
"c:\Users\eenot\Documents\GitHub\EEditor-WS.github.io\page\library\modern\cardgenerator.js", "JavaScript", 0, 177, 0, 0, 0, 0, 0, 24, 24, 225
"c:\Users\eenot\Documents\GitHub\EEditor-WS.github.io\page\library\modern\filters.js", "JavaScript", 0, 94, 0, 0, 0, 0, 0, 18, 23, 135
"c:\Users\eenot\Documents\GitHub\EEditor-WS.github.io\page\library\modern\general.css", "PostCSS", 0, 0, 0, 6, 0, 0, 0, 8, 3, 17
"c:\Users\eenot\Documents\GitHub\EEditor-WS.github.io\page\library\modern\main.css", "PostCSS", 0, 0, 0, 21, 0, 0, 0, 0, 2, 23
"c:\Users\eenot\Documents\GitHub\EEditor-WS.github.io\page\library\modern\mobile.css", "PostCSS", 0, 0, 0, 13, 0, 0, 0, 0, 2, 15
"c:\Users\eenot\Documents\GitHub\EEditor-WS.github.io\page\library\modern\openPage.js", "JavaScript", 0, 22, 0, 0, 0, 0, 0, 1, 2, 25
"c:\Users\eenot\Documents\GitHub\EEditor-WS.github.io\page\library\modern\unique.js", "JavaScript", 0, 43, 0, 0, 0, 0, 0, 11, 7, 61
"c:\Users\eenot\Documents\GitHub\EEditor-WS.github.io\page\library\scenariolist.js", "JavaScript", 0, 3381, 0, 0, 0, 0, 0, 126, 0, 3507
"c:\Users\eenot\Documents\GitHub\EEditor-WS.github.io\page\library\temporarily\awards\50.svg", "XML", 0, 0, 0, 0, 1, 0, 0, 0, 0, 1
"c:\Users\eenot\Documents\GitHub\EEditor-WS.github.io\page\library\temporarily\awards\enot.svg", "XML", 0, 0, 0, 0, 1, 0, 0, 0, 0, 1
"c:\Users\eenot\Documents\GitHub\EEditor-WS.github.io\page\library\temporarily\awards\only.svg", "XML", 0, 0, 0, 0, 1, 0, 0, 0, 0, 1
"c:\Users\eenot\Documents\GitHub\EEditor-WS.github.io\page\library\temporarily\awards\star.svg", "XML", 0, 0, 0, 0, 1, 0, 0, 0, 0, 1
"c:\Users\eenot\Documents\GitHub\EEditor-WS.github.io\page\library\temporarily\awards\енот.svg", "XML", 0, 0, 0, 0, 1, 0, 0, 0, 0, 1
"c:\Users\eenot\Documents\GitHub\EEditor-WS.github.io\page\library\temporarily\status\discontinued.svg", "XML", 0, 0, 0, 0, 1, 0, 0, 0, 0, 1
"c:\Users\eenot\Documents\GitHub\EEditor-WS.github.io\page\library\temporarily\status\none.svg", "XML", 0, 0, 0, 0, 1, 0, 0, 0, 0, 1
"c:\Users\eenot\Documents\GitHub\EEditor-WS.github.io\page\library\temporarily\status\relesed.svg", "XML", 0, 0, 0, 0, 2, 0, 0, 1, 0, 3
"c:\Users\eenot\Documents\GitHub\EEditor-WS.github.io\page\library\upload ai.html", "HTML", 189, 0, 0, 0, 0, 0, 0, 1, 9, 199
"c:\Users\eenot\Documents\GitHub\EEditor-WS.github.io\page\library\upload.html", "HTML", 334, 0, 0, 0, 0, 0, 0, 11, 2, 347
"c:\Users\eenot\Documents\GitHub\EEditor-WS.github.io\page\library\upload\upload ai.css", "PostCSS", 0, 0, 0, 92, 0, 0, 0, 1, 17, 110
"c:\Users\eenot\Documents\GitHub\EEditor-WS.github.io\page\library\upload\upload ai.js", "JavaScript", 0, 49, 0, 0, 0, 0, 0, 9, 11, 69
"c:\Users\eenot\Documents\GitHub\EEditor-WS.github.io\page\library\upload\upload.css", "PostCSS", 0, 0, 0, 108, 0, 0, 0, 1, 20, 129
"c:\Users\eenot\Documents\GitHub\EEditor-WS.github.io\page\library\upload\upload.js", "JavaScript", 0, 221, 0, 0, 0, 0, 0, 29, 46, 296
"c:\Users\eenot\Documents\GitHub\EEditor-WS.github.io\page\roadmap.html", "HTML", 72, 0, 0, 0, 0, 0, 0, 0, 1, 73
"c:\Users\eenot\Documents\GitHub\EEditor-WS.github.io\page\roadmap\roadmap.css", "PostCSS", 0, 0, 0, 100, 0, 0, 0, 0, 18, 118
"c:\Users\eenot\Documents\GitHub\EEditor-WS.github.io\page\roadmap\roadmap.js", "JavaScript", 0, 9, 0, 0, 0, 0, 0, 1, 2, 12
"c:\Users\eenot\Documents\GitHub\EEditor-WS.github.io\page\settings.html", "HTML", 200, 0, 0, 0, 0, 0, 0, 0, 7, 207
"c:\Users\eenot\Documents\GitHub\EEditor-WS.github.io\script.js", "JavaScript", 0, 1043, 0, 0, 0, 0, 0, 181, 183, 1407
"c:\Users\eenot\Documents\GitHub\EEditor-WS.github.io\sviazi.html", "HTML", 611, 0, 0, 0, 0, 0, 0, 0, 82, 693
"c:\Users\eenot\Documents\GitHub\EEditor-WS.github.io\zachary_world_vg_ww2.json", "JSON", 0, 0, 0, 0, 0, 1, 0, 0, 0, 1
"Total", "-", 6125, 21653, 404, 8433, 2101, 6468, 74, 2958, 4446, 52662